,mobility_kfr_p25,incarceration_p25,eviction_filing_rate,ped_fatal_per_100k_pop_yr,ped_fatal_per_100km2_yr,stable_job_share,job_density_per_sqkm,pct_bachelor_plus,pct_white,pct_black,pct_hispanic
UOI_score,-0.11144025255134449,0.10546853399573934,0.23677998444105808,0.0831196559226398,0.1441323874074311,0.03264678054228351,0.8125336029614083,0.17056600624666135,-0.4187946347601788,0.2810001811253859,0.31876670801726953
link_node_ratio,-0.10982005670722708,0.11248810803401245,0.15854615432681787,0.07540312984813735,0.12287214479163783,0.013376648550884374,0.6829193895218131,0.11127192107564078,-0.37155786521695106,0.24403397140007577,0.2948727344987625
connected_node_ratio,-0.1243358754654751,0.12147545201101634,0.18611431868047296,0.09128719219542167,0.13547786835478898,-0.0045887052389276956,0.6791288322640193,0.08488577630001545,-0.38154271179953464,0.25987132006522273,0.3045794278251179
intersection_density,-0.08780365453355886,0.07742571767046595,0.30246508468447153,0.06645309909550215,0.13820040464079958,0.0524585101195061,0.8717491165403424,0.26059510524502383,-0.45879616458886396,0.3002370667718405,0.34623088328429397
median_block_length_ft,0.04186480619756908,-0.04602811339350378,-0.25869900499064247,-0.06699542636672604,-0.12731454364708025,-0.0853417220605606,-0.785298893759407,-0.3113810364084073,0.37703897033144557,-0.2601499343736774,-0.2671939830971311
walking_circuity,0.12082490085100886,-0.08263140362769768,0.031558998107677524,-0.04883740561253747,-0.06606577962738225,0.01877154405185074,-0.2771727808932783,0.11048417631526444,0.11093895451927119,-0.07370846750924995,-0.05652270781926696
pedshed_reach,-0.1127709151794229,0.1011547424195181,0.3020618373214313,0.06911912100894227,0.13945335958320718,0.04890474032357449,0.8519029936457079,0.21895865567489728,-0.4442571320392839,0.29905849863921957,0.33677861333433684
