seed,E,link_node_ratio,connected_node_ratio,intersection_density,median_block_length_ft,walking_circuity,pedshed_reach
TARGET(top1000),,1.73,0.964,2.43e+03,32.8,1.23,0.018
grid,-0.0532,1.82,0.9933,2526,106.4,1.207,0.02122
hybrid,-0.1538,2.047,0.9712,3750,106.2,1.216,0.04195
grid,-0.1625,1.856,0.984,2629,107.9,1.206,0.02365
organic,-0.2131,2.206,0.9678,2577,102.6,1.203,0.03666
hybrid,-0.2411,2.022,0.9844,3784,106.7,1.208,0.03744
organic,-0.4074,1.989,0.9571,2483,99.52,1.236,0.0286
